"variable","category","count","percentage"
"timestamp","2022-11-08 17:34:58.275",1,0.41
"timestamp","2022-11-08 17:47:17.982",1,0.41
"timestamp","2022-11-08 17:55:19.876",1,0.41
"timestamp","2022-11-08 18:01:11.935",1,0.41
"timestamp","2022-11-08 18:22:13.198",1,0.41
"timestamp","2022-11-08 18:24:07.298",1,0.41
"timestamp","2022-11-08 18:27:05.809",1,0.41
"timestamp","2022-11-08 18:27:12.682",1,0.41
"timestamp","2022-11-08 18:29:44.736",1,0.41
"timestamp","2022-11-08 18:33:29.007",1,0.41
"timestamp","2022-11-08 18:34:41.756",1,0.41
"timestamp","2022-11-08 18:40:00.572",1,0.41
"timestamp","2022-11-08 18:40:40.587",1,0.41
"timestamp","2022-11-08 18:41:02.031",1,0.41
"timestamp","2022-11-08 18:44:23.077",1,0.41
"timestamp","2022-11-08 18:44:53.71",1,0.41
"timestamp","2022-11-08 18:45:34.384",1,0.41
"timestamp","2022-11-08 18:45:48.401",1,0.41
"timestamp","2022-11-08 18:50:47.221",1,0.41
"timestamp","2022-11-08 18:53:06.111",1,0.41
"timestamp","2022-11-08 18:53:18.116",1,0.41
"timestamp","2022-11-08 19:09:27.957",1,0.41
"timestamp","2022-11-08 19:14:14.777",1,0.41
"timestamp","2022-11-08 19:24:09.799",1,0.41
"timestamp","2022-11-08 19:25:17.905",1,0.41
"timestamp","2022-11-08 19:35:25.417",1,0.41
"timestamp","2022-11-08 19:40:05.706",1,0.41
"timestamp","2022-11-08 19:47:27.377",1,0.41
"timestamp","2022-11-08 19:56:16.429",1,0.41
"timestamp","2022-11-08 20:01:30.664",1,0.41
"timestamp","2022-11-08 20:07:20.834",1,0.41
"timestamp","2022-11-08 20:13:23.585",1,0.41
"timestamp","2022-11-08 20:23:33.443",1,0.41
"timestamp","2022-11-08 20:50:14.064",1,0.41
"timestamp","2022-11-08 20:54:44.006",1,0.41
"timestamp","2022-11-08 21:02:02.969",1,0.41
"timestamp","2022-11-08 21:08:40.917",1,0.41
"timestamp","2022-11-08 21:16:49.735",1,0.41
"timestamp","2022-11-08 21:20:02.786",1,0.41
"timestamp","2022-11-08 21:24:47.024",1,0.41
"timestamp","2022-11-08 21:30:20.432",1,0.41
"timestamp","2022-11-08 21:30:55.993",1,0.41
"timestamp","2022-11-08 21:33:51.958",1,0.41
"timestamp","2022-11-08 21:36:29.454",1,0.41
"timestamp","2022-11-08 21:43:19.368",1,0.41
"timestamp","2022-11-08 21:51:01.202",1,0.41
"timestamp","2022-11-08 22:00:34.19",1,0.41
"timestamp","2022-11-08 22:26:27.619",1,0.41
"timestamp","2022-11-08 22:27:18.748",1,0.41
"timestamp","2022-11-08 22:27:59.969",1,0.41
"timestamp","2022-11-08 22:28:56.655",1,0.41
"timestamp","2022-11-08 22:32:16.418",1,0.41
"timestamp","2022-11-08 22:34:55.375",1,0.41
"timestamp","2022-11-08 22:55:14.979",1,0.41
"timestamp","2022-11-08 22:55:50.59",1,0.41
"timestamp","2022-11-08 23:03:15.993",1,0.41
"timestamp","2022-11-08 23:20:39.653",1,0.41
"timestamp","2022-11-09 00:09:16.942",1,0.41
"timestamp","2022-11-09 00:44:35.197",1,0.41
"timestamp","2022-11-09 07:55:09.303",1,0.41
"timestamp","2022-11-09 07:56:14.562",1,0.41
"timestamp","2022-11-09 07:57:16.756",1,0.41
"timestamp","2022-11-09 07:58:39.372",1,0.41
"timestamp","2022-11-09 08:01:11.645",1,0.41
"timestamp","2022-11-09 08:02:42.214",1,0.41
"timestamp","2022-11-09 08:26:04.601",1,0.41
"timestamp","2022-11-09 09:07:16.917",1,0.41
"timestamp","2022-11-09 09:24:08.671",1,0.41
"timestamp","2022-11-09 09:43:39.37",1,0.41
"timestamp","2022-11-09 09:47:34.116",1,0.41
"timestamp","2022-11-09 10:36:22.642",1,0.41
"timestamp","2022-11-09 12:34:20.478",1,0.41
"timestamp","2022-11-09 13:01:49.911",1,0.41
"timestamp","2022-11-09 13:02:56.343",1,0.41
"timestamp","2022-11-09 13:34:26.673",1,0.41
"timestamp","2022-11-09 13:39:58.754",1,0.41
"timestamp","2022-11-09 13:40:42.251",1,0.41
"timestamp","2022-11-09 13:41:34.237",1,0.41
"timestamp","2022-11-09 13:42:57.99",1,0.41
"timestamp","2022-11-09 13:47:44.853",1,0.41
"timestamp","2022-11-09 14:10:16.883",1,0.41
"timestamp","2022-11-09 14:52:25.919",1,0.41
"timestamp","2022-11-09 15:07:16.757",1,0.41
"timestamp","2022-11-09 15:14:30.246",1,0.41
"timestamp","2022-11-09 15:32:13.735",1,0.41
"timestamp","2022-11-09 15:34:02.403",1,0.41
"timestamp","2022-11-09 15:36:55.895",1,0.41
"timestamp","2022-11-09 15:38:16.645",1,0.41
"timestamp","2022-11-09 15:39:10.557",1,0.41
"timestamp","2022-11-09 15:40:29.51",1,0.41
"timestamp","2022-11-09 15:41:37.545",1,0.41
"timestamp","2022-11-09 15:43:43.188",1,0.41
"timestamp","2022-11-09 15:45:01.687",1,0.41
"timestamp","2022-11-09 15:46:54.011",1,0.41
"timestamp","2022-11-09 15:48:52.932",1,0.41
"timestamp","2022-11-09 15:49:58.905",1,0.41
"timestamp","2022-11-09 15:50:47.068",1,0.41
"timestamp","2022-11-09 15:52:05.251",1,0.41
"timestamp","2022-11-09 16:09:30.904",1,0.41
"timestamp","2022-11-09 16:15:51.933",1,0.41
"timestamp","2022-11-09 16:18:53.135",1,0.41
"timestamp","2022-11-09 16:30:00.176",1,0.41
"timestamp","2022-11-09 16:58:07.694",1,0.41
"timestamp","2022-11-09 17:18:30.015",1,0.41
"timestamp","2022-11-09 17:36:50.006",1,0.41
"timestamp","2022-11-09 18:01:53.737",1,0.41
"timestamp","2022-11-09 18:02:12.637",1,0.41
"timestamp","2022-11-09 18:06:25.319",1,0.41
"timestamp","2022-11-09 18:17:03.817",1,0.41
"timestamp","2022-11-09 18:28:51.713",1,0.41
"timestamp","2022-11-09 18:41:38.797",1,0.41
"timestamp","2022-11-09 19:17:15.832",1,0.41
"timestamp","2022-11-09 19:22:56.453",1,0.41
"timestamp","2022-11-09 20:19:03.434",1,0.41
"timestamp","2022-11-09 21:10:00.932",1,0.41
"timestamp","2022-11-09 21:18:19.672",1,0.41
"timestamp","2022-11-09 21:54:11.395",1,0.41
"timestamp","2022-11-09 22:00:06.398",1,0.41
"timestamp","2022-11-09 22:01:02.657",1,0.41
"timestamp","2022-11-09 22:09:27.206",1,0.41
"timestamp","2022-11-09 22:09:40.531",1,0.41
"timestamp","2022-11-09 22:10:32.873",1,0.41
"timestamp","2022-11-09 22:15:27.702",1,0.41
"timestamp","2022-11-09 22:21:15.229",1,0.41
"timestamp","2022-11-09 22:39:06.162",1,0.41
"timestamp","2022-11-09 22:47:01.701",1,0.41
"timestamp","2022-11-09 22:57:27.33",1,0.41
"timestamp","2022-11-09 23:10:58.665",1,0.41
"timestamp","2022-11-10 09:27:28.263",1,0.41
"timestamp","2022-11-10 10:17:07.488",1,0.41
"timestamp","2022-11-10 11:25:13.022",1,0.41
"timestamp","2022-11-10 11:25:38.026",1,0.41
"timestamp","2022-11-10 11:38:21.961",1,0.41
"timestamp","2022-11-10 11:42:13.096",1,0.41
"timestamp","2022-11-10 11:49:55.179",1,0.41
"timestamp","2022-11-10 13:19:37.989",1,0.41
"timestamp","2022-11-10 13:26:35.84",1,0.41
"timestamp","2022-11-10 13:31:39.464",1,0.41
"timestamp","2022-11-10 13:33:33.123",1,0.41
"timestamp","2022-11-10 14:03:42.785",1,0.41
"timestamp","2022-11-10 14:05:53.55",1,0.41
"timestamp","2022-11-10 14:07:21.321",1,0.41
"timestamp","2022-11-10 14:09:27.277",1,0.41
"timestamp","2022-11-10 14:11:14.366",1,0.41
"timestamp","2022-11-10 14:13:05.077",1,0.41
"timestamp","2022-11-10 16:00:44.34",1,0.41
"timestamp","2022-11-10 16:40:06.775",1,0.41
"timestamp","2022-11-10 16:44:47.024",1,0.41
"timestamp","2022-11-10 17:49:35.116",1,0.41
"timestamp","2022-11-10 20:50:47.169",1,0.41
"timestamp","2022-11-10 22:35:14.052",1,0.41
"timestamp","2022-11-10 23:04:37.392",1,0.41
"timestamp","2022-11-10 23:26:49.841",1,0.41
"timestamp","2022-11-10 23:31:06.863",1,0.41
"timestamp","2022-11-10 23:31:26.529",1,0.41
"timestamp","2022-11-10 23:32:11.044",1,0.41
"timestamp","2022-11-10 23:32:53.199",1,0.41
"timestamp","2022-11-10 23:33:31.287",1,0.41
"timestamp","2022-11-10 23:34:17.356",1,0.41
"timestamp","2022-11-10 23:35:48.39",1,0.41
"timestamp","2022-11-10 23:36:29.578",1,0.41
"timestamp","2022-11-10 23:37:21.057",1,0.41
"timestamp","2022-11-10 23:38:03.921",1,0.41
"timestamp","2022-11-10 23:38:52.68",1,0.41
"timestamp","2022-11-10 23:40:53.475",1,0.41
"timestamp","2022-11-10 23:41:58.012",1,0.41
"timestamp","2022-11-10 23:42:48.898",1,0.41
"timestamp","2022-11-10 23:45:30.65",1,0.41
"timestamp","2022-11-10 23:47:02.327",1,0.41
"timestamp","2022-11-10 23:47:52.136",1,0.41
"timestamp","2022-11-10 23:48:46.778",1,0.41
"timestamp","2022-11-10 23:50:22.574",1,0.41
"timestamp","2022-11-11 00:00:36.134",1,0.41
"timestamp","2022-11-11 00:01:11.903",1,0.41
"timestamp","2022-11-11 00:02:00.037",1,0.41
"timestamp","2022-11-11 00:02:39.579",1,0.41
"timestamp","2022-11-11 00:03:33.847",1,0.41
"timestamp","2022-11-11 15:11:59.02",1,0.41
"timestamp","2022-11-11 15:13:10.376",1,0.41
"timestamp","2022-11-11 15:16:01.173",1,0.41
"timestamp","2022-11-11 15:16:53.214",1,0.41
"timestamp","2022-11-11 15:18:03.971",1,0.41
"timestamp","2022-11-11 15:27:37.173",1,0.41
"timestamp","2022-11-11 15:31:52.159",1,0.41
"timestamp","2022-11-11 15:54:30.662",1,0.41
"timestamp","2022-11-11 15:55:29.089",1,0.41
"timestamp","2022-11-11 16:03:01.882",1,0.41
"timestamp","2022-11-11 16:03:59.646",1,0.41
"timestamp","2022-11-11 16:05:22.071",1,0.41
"timestamp","2022-11-11 16:08:49.689",1,0.41
"timestamp","2022-11-11 16:42:25.241",1,0.41
"timestamp","2022-11-11 16:44:47.438",1,0.41
"timestamp","2022-11-11 16:53:47.748",1,0.41
"timestamp","2022-11-11 17:03:37.141",1,0.41
"timestamp","2022-11-11 17:04:10.433",1,0.41
"timestamp","2022-11-11 17:20:59.374",1,0.41
"timestamp","2022-11-11 17:40:52.64",1,0.41
"timestamp","2022-11-11 17:44:21.605",1,0.41
"timestamp","2022-11-11 17:46:47.223",1,0.41
"timestamp","2022-11-11 17:47:40.286",1,0.41
"timestamp","2022-11-11 18:35:11.653",1,0.41
"timestamp","2022-11-11 18:45:33.836",1,0.41
"timestamp","2022-11-11 19:09:42.035",1,0.41
"timestamp","2022-11-11 20:06:03.948",1,0.41
"timestamp","2022-11-11 21:26:06.707",1,0.41
"timestamp","2022-11-11 21:26:56.717",1,0.41
"timestamp","2022-11-11 21:27:56.195",1,0.41
"timestamp","2022-11-11 21:28:38.822",1,0.41
"timestamp","2022-11-11 21:29:16.095",1,0.41
"timestamp","2022-11-11 21:30:08.426",1,0.41
"timestamp","2022-11-11 21:31:28.461",1,0.41
"timestamp","2022-11-11 21:32:04.799",1,0.41
"timestamp","2022-11-11 21:32:37.6",1,0.41
"timestamp","2022-11-11 21:33:27.454",1,0.41
"timestamp","2022-11-11 22:20:35.099",1,0.41
"timestamp","2022-11-12 10:04:03.742",1,0.41
"timestamp","2022-11-12 10:05:22.761",1,0.41
"timestamp","2022-11-12 10:06:14.27",1,0.41
"timestamp","2022-11-12 10:06:59.044",1,0.41
"timestamp","2022-11-12 10:08:18.132",1,0.41
"timestamp","2022-11-12 10:13:19.032",1,0.41
"timestamp","2022-11-12 10:15:19.195",1,0.41
"timestamp","2022-11-12 10:16:50.432",1,0.41
"timestamp","2022-11-12 10:26:29.462",1,0.41
"timestamp","2022-11-12 10:32:24.837",1,0.41
"timestamp","2022-11-12 13:13:43.139",1,0.41
"timestamp","2022-11-12 14:09:06.355",1,0.41
"timestamp","2022-11-12 16:30:31.89",1,0.41
"timestamp","2022-11-12 17:14:05.426",1,0.41
"timestamp","2022-11-12 17:57:17.318",1,0.41
"timestamp","2022-11-12 19:30:32.292",1,0.41
"timestamp","2022-11-12 19:31:27.239",1,0.41
"timestamp","2022-11-12 22:33:12.908",1,0.41
"timestamp","2022-11-13 14:06:24.963",1,0.41
"timestamp","2022-11-13 14:15:30.837",1,0.41
"timestamp","2022-11-13 15:26:06.981",1,0.41
"timestamp","2022-11-13 18:56:59.723",1,0.41
"timestamp","2022-11-13 19:11:42.048",1,0.41
"timestamp","2022-11-13 19:42:07.511",1,0.41
"timestamp","2022-11-13 20:00:08.292",1,0.41
"timestamp","2022-11-13 20:33:24.08",1,0.41
"timestamp","2022-11-13 22:57:45.333",1,0.41
"timestamp","2022-11-13 23:02:47.395",1,0.41
"timestamp","2022-11-16 22:44:33.157",1,0.41
"location","ahmedabad",3,1.23
"location","bangalore",6,2.46
"location","bhandup",1,0.41
"location","bhopal",2,0.82
"location","bom",1,0.41
"location","bucharest",1,0.41
"location","calicut",1,0.41
"location","chennai",1,0.41
"location","delhi",2,0.82
"location","gujarat",2,0.82
"location","gurugram",1,0.41
"location","hyderabad",1,0.41
"location","ichalkaranji",4,1.64
"location","indore",1,0.41
"location","jalandhar",1,0.41
"location","k",1,0.41
"location","kalyan",1,0.41
"location","ketan mehta",1,0.41
"location","kolhapur",33,13.52
"location","kolhapye",1,0.41
"location","kolkata",2,0.82
"location","lagos",1,0.41
"location","london",1,0.41
"location","mumbai",142,58.2
"location","nagala park",1,0.41
"location","nanded",1,0.41
"location","nashik",1,0.41
"location","nellore",1,0.41
"location","palghar",4,1.64
"location","pune",8,3.28
"location","san francisco",1,0.41
"location","singapore",1,0.41
"location","thane",4,1.64
"location","vapi",1,0.41
"location","vasai",3,1.23
"location","vasgade",5,2.05
"location","viman nagar",1,0.41
"location","virar",1,0.41
"gender","Female",98,40.16
"gender","Male",146,59.84
"age","Less than 18",6,2.46
"age","18-24",159,65.16
"age","25-34",23,9.43
"age","35-44",28,11.48
"age","45-54",21,8.61
"age","More than 55",7,2.87
"education","Other",4,1.64
"education","High school",37,15.16
"education","College",47,19.26
"education","Undergraduate",128,52.46
"education","Post-Graduate",28,11.48
"wellness_routine","Badminton",1,0.41
"wellness_routine","HIIT exercises from YouTube daily",1,0.41
"wellness_routine","I don't follow any wellness/fitness routine",34,13.93
"wellness_routine","Light physical activity (running, push-ups, sit-ups etc.)",70,28.69
"wellness_routine","Meditation/Mindfulness practice",26,10.66
"wellness_routine","Physical Exercise + Yoga",1,0.41
"wellness_routine","Rigorous physical exercise with equipments (e.g. weight training, cross-fit etc.)",58,23.77
"wellness_routine","Swimming & cycling",1,0.41
"wellness_routine","Walking & Stretching excercise",1,0.41
"wellness_routine","Walking for an hour",1,0.41
"wellness_routine","Yoga & breathing exercises",50,20.49
"challenge_wellness_routine","Can't afford to spend on gym/classes subscription",1,0.41
"challenge_wellness_routine","Can't afford to spend on gym/classes subscription, Lack of motivation / time",3,1.23
"challenge_wellness_routine","Can't find a good trainer/expert practitioner",3,1.23
"challenge_wellness_routine","Can't find a good trainer/expert practitioner, Can't afford to spend on gym/classes subscription, I follow a regular wellness/fitness routine",2,0.82
"challenge_wellness_routine","Can't find a good trainer/expert practitioner, Can't afford to spend on gym/classes subscription, Lack of motivation / time",4,1.64
"challenge_wellness_routine","Can't find a good trainer/expert practitioner, Can't afford to spend on gym/classes subscription, Lack of motivation / time, I follow a regular wellness/fitness routine",3,1.23
"challenge_wellness_routine","Can't find a good trainer/expert practitioner, I follow a regular wellness/fitness routine",1,0.41
"challenge_wellness_routine","Can't find a good trainer/expert practitioner, Lack of motivation / time",3,1.23
"challenge_wellness_routine","Can't find a good trainer/expert practitioner, Unavailability of a good gym/classes nearby",1,0.41
"challenge_wellness_routine","Can't find a good trainer/expert practitioner, Unavailability of a good gym/classes nearby, Can't afford to spend on gym/classes subscription, I follow a regular wellness/fitness routine",1,0.41
"challenge_wellness_routine","Can't find a good trainer/expert practitioner, Unavailability of a good gym/classes nearby, Lack of motivation / time",1,0.41
"challenge_wellness_routine","Diet",1,0.41
"challenge_wellness_routine","Don't know where and how to start",11,4.51
"challenge_wellness_routine","Don't know where and how to start, Can't afford to spend on gym/classes subscription, I follow a regular wellness/fitness routine",2,0.82
"challenge_wellness_routine","Don't know where and how to start, Can't afford to spend on gym/classes subscription, Lack of motivation / time",3,1.23
"challenge_wellness_routine","Don't know where and how to start, Can't find a good trainer/expert practitioner",1,0.41
"challenge_wellness_routine","Don't know where and how to start, Can't find a good trainer/expert practitioner, Can't afford to spend on gym/classes subscription",1,0.41
"challenge_wellness_routine","Don't know where and how to start, Can't find a good trainer/expert practitioner, Can't afford to spend on gym/classes subscription, I follow a regular wellness/fitness routine",1,0.41
"challenge_wellness_routine","Don't know where and how to start, Can't find a good trainer/expert practitioner, Can't afford to spend on gym/classes subscription, Lack of motivation / time",2,0.82
"challenge_wellness_routine","Don't know where and how to start, Can't find a good trainer/expert practitioner, Can't afford to spend on gym/classes subscription, Lack of motivation / time, I follow a regular wellness/fitness routine",1,0.41
"challenge_wellness_routine","Don't know where and how to start, Can't find a good trainer/expert practitioner, Lack of motivation / time",4,1.64
"challenge_wellness_routine","Don't know where and how to start, Can't find a good trainer/expert practitioner, Unavailability of a good gym/classes nearby",2,0.82
"challenge_wellness_routine","Don't know where and how to start, Can't find a good trainer/expert practitioner, Unavailability of a good gym/classes nearby, Can't afford to spend on gym/classes subscription",4,1.64
"challenge_wellness_routine","Don't know where and how to start, Can't find a good trainer/expert practitioner, Unavailability of a good gym/classes nearby, Can't afford to spend on gym/classes subscription, I follow a regular wellness/fitness routine",1,0.41
"challenge_wellness_routine","Don't know where and how to start, Can't find a good trainer/expert practitioner, Unavailability of a good gym/classes nearby, Can't afford to spend on gym/classes subscription, Lack of motivation / time",1,0.41
"challenge_wellness_routine","Don't know where and how to start, Can't find a good trainer/expert practitioner, Unavailability of a good gym/classes nearby, I follow a regular wellness/fitness routine",1,0.41
"challenge_wellness_routine","Don't know where and how to start, Can't find a good trainer/expert practitioner, Unavailability of a good gym/classes nearby, Lack of motivation / time",4,1.64
"challenge_wellness_routine","Don't know where and how to start, I follow a regular wellness/fitness routine",1,0.41
"challenge_wellness_routine","Don't know where and how to start, Lack of motivation / time",22,9.02
"challenge_wellness_routine","Don't know where and how to start, Lack of motivation / time, I follow a regular wellness/fitness routine",1,0.41
"challenge_wellness_routine","Don't know where and how to start, Unavailability of a good gym/classes nearby, Can't afford to spend on gym/classes subscription, Lack of motivation / time",3,1.23
"challenge_wellness_routine","Don't know where and how to start, Unavailability of a good gym/classes nearby, Can't afford to spend on gym/classes subscription, Lack of motivation / time, I follow a regular wellness/fitness routine",2,0.82
"challenge_wellness_routine","Don't know where and how to start, Unavailability of a good gym/classes nearby, Lack of motivation / time",1,0.41
"challenge_wellness_routine","Don't know where and how to start, Want a personal trainer but can't afford",1,0.41
"challenge_wellness_routine","Don't know where and how to start, Want a personal trainer but can't afford, Can't afford to spend on gym/classes subscription, Lack of motivation / time",2,0.82
"challenge_wellness_routine","Don't know where and how to start, Want a personal trainer but can't afford, Can't find a good trainer/expert practitioner",1,0.41
"challenge_wellness_routine","Don't know where and how to start, Want a personal trainer but can't afford, Can't find a good trainer/expert practitioner, Can't afford to spend on gym/classes subscription, Lack of motivation / time",3,1.23
"challenge_wellness_routine","Don't know where and how to start, Want a personal trainer but can't afford, Can't find a good trainer/expert practitioner, Lack of motivation / time",3,1.23
"challenge_wellness_routine","Don't know where and how to start, Want a personal trainer but can't afford, Can't find a good trainer/expert practitioner, Lack of motivation / time, I follow a regular wellness/fitness routine",1,0.41
"challenge_wellness_routine","Don't know where and how to start, Want a personal trainer but can't afford, Can't find a good trainer/expert practitioner, Unavailability of a good gym/classes nearby",1,0.41
"challenge_wellness_routine","Don't know where and how to start, Want a personal trainer but can't afford, Can't find a good trainer/expert practitioner, Unavailability of a good gym/classes nearby, Can't afford to spend on gym/classes subscription",2,0.82
"challenge_wellness_routine","Don't know where and how to start, Want a personal trainer but can't afford, Can't find a good trainer/expert practitioner, Unavailability of a good gym/classes nearby, Can't afford to spend on gym/classes subscription, I follow a regular wellness/fitness routine",1,0.41
"challenge_wellness_routine","Don't know where and how to start, Want a personal trainer but can't afford, Can't find a good trainer/expert practitioner, Unavailability of a good gym/classes nearby, Can't afford to spend on gym/classes subscription, Lack of motivation / time",2,0.82
"challenge_wellness_routine","Don't know where and how to start, Want a personal trainer but can't afford, Can't find a good trainer/expert practitioner, Unavailability of a good gym/classes nearby, Can't afford to spend on gym/classes subscription, Lack of motivation / time, I follow a regular wellness/fitness routine",1,0.41
"challenge_wellness_routine","Don't know where and how to start, Want a personal trainer but can't afford, Can't find a good trainer/expert practitioner, Unavailability of a good gym/classes nearby, I follow a regular wellness/fitness routine",1,0.41
"challenge_wellness_routine","Don't know where and how to start, Want a personal trainer but can't afford, Lack of motivation / time",3,1.23
"challenge_wellness_routine","Don't know where and how to start, Want a personal trainer but can't afford, Unavailability of a good gym/classes nearby",2,0.82
"challenge_wellness_routine","Don't know where and how to start, Want a personal trainer but can't afford, Unavailability of a good gym/classes nearby, Can't afford to spend on gym/classes subscription",1,0.41
"challenge_wellness_routine","Don't know where and how to start, Want a personal trainer but can't afford, Unavailability of a good gym/classes nearby, Can't afford to spend on gym/classes subscription, I follow a regular wellness/fitness routine",1,0.41
"challenge_wellness_routine","Don't know where and how to start, Want a personal trainer but can't afford, Unavailability of a good gym/classes nearby, Can't afford to spend on gym/classes subscription, Lack of motivation / time",2,0.82
"challenge_wellness_routine","Don't know where and how to start, Want a personal trainer but can't afford, Unavailability of a good gym/classes nearby, I follow a regular wellness/fitness routine",1,0.41
"challenge_wellness_routine","Don't know where and how to start, Want a personal trainer but can't afford, Unavailability of a good gym/classes nearby, Lack of motivation / time",1,0.41
"challenge_wellness_routine","I follow a regular wellness/fitness routine",31,12.7
"challenge_wellness_routine","Lack of motivation / time",33,13.52
"challenge_wellness_routine","Lack of motivation / time, I follow a regular wellness/fitness routine",2,0.82
"challenge_wellness_routine","Lack of time is all",1,0.41
"challenge_wellness_routine","Maintaining a proper diet",1,0.41
"challenge_wellness_routine","Unavailability of a good gym/classes nearby",2,0.82
"challenge_wellness_routine","Unavailability of a good gym/classes nearby, Can't afford to spend on gym/classes subscription, Lack of motivation / time",3,1.23
"challenge_wellness_routine","Unavailability of a good gym/classes nearby, Lack of motivation / time",5,2.05
"challenge_wellness_routine","Walking an hour",1,0.41
"challenge_wellness_routine","Want a personal trainer but can't afford",4,1.64
"challenge_wellness_routine","Want a personal trainer but can't afford, Can't afford to spend on gym/classes subscription, Lack of motivation / time",2,0.82
"challenge_wellness_routine","Want a personal trainer but can't afford, Can't find a good trainer/expert practitioner",3,1.23
"challenge_wellness_routine","Want a personal trainer but can't afford, Can't find a good trainer/expert practitioner, Can't afford to spend on gym/classes subscription",1,0.41
"challenge_wellness_routine","Want a personal trainer but can't afford, Can't find a good trainer/expert practitioner, Can't afford to spend on gym/classes subscription, I follow a regular wellness/fitness routine",2,0.82
"challenge_wellness_routine","Want a personal trainer but can't afford, Can't find a good trainer/expert practitioner, Can't afford to spend on gym/classes subscription, Lack of motivation / time",3,1.23
"challenge_wellness_routine","Want a personal trainer but can't afford, Can't find a good trainer/expert practitioner, Can't afford to spend on gym/classes subscription, Lack of motivation / time, I follow a regular wellness/fitness routine",3,1.23
"challenge_wellness_routine","Want a personal trainer but can't afford, Can't find a good trainer/expert practitioner, I follow a regular wellness/fitness routine",1,0.41
"challenge_wellness_routine","Want a personal trainer but can't afford, Can't find a good trainer/expert practitioner, Lack of motivation / time",1,0.41
"challenge_wellness_routine","Want a personal trainer but can't afford, Can't find a good trainer/expert practitioner, Lack of motivation / time, I follow a regular wellness/fitness routine",2,0.82
"challenge_wellness_routine","Want a personal trainer but can't afford, Can't find a good trainer/expert practitioner, Unavailability of a good gym/classes nearby, I follow a regular wellness/fitness routine",1,0.41
"challenge_wellness_routine","Want a personal trainer but can't afford, Can't find a good trainer/expert practitioner, Unavailability of a good gym/classes nearby, Lack of motivation / time",2,0.82
"challenge_wellness_routine","Want a personal trainer but can't afford, Can't find a good trainer/expert practitioner, Unavailability of a good gym/classes nearby, Lack of motivation / time, I follow a regular wellness/fitness routine",1,0.41
"challenge_wellness_routine","Want a personal trainer but can't afford, I follow a regular wellness/fitness routine",1,0.41
"challenge_wellness_routine","Want a personal trainer but can't afford, Lack of motivation / time",4,1.64
"challenge_wellness_routine","Want a personal trainer but can't afford, Lack of motivation / time, I follow a regular wellness/fitness routine",1,0.41
"challenge_wellness_routine","Want a personal trainer but can't afford, Unavailability of a good gym/classes nearby, Can't afford to spend on gym/classes subscription",1,0.41
"challenge_wellness_routine","Want a personal trainer but can't afford, Unavailability of a good gym/classes nearby, Can't afford to spend on gym/classes subscription, Lack of motivation / time",1,0.41
"challenge_wellness_routine","Want a personal trainer but can't afford, Unavailability of a good gym/classes nearby, I follow a regular wellness/fitness routine",1,0.41
"challenge_wellness_routine","Want a personal trainer but can't afford, Unavailability of a good gym/classes nearby, I follow a regular wellness/fitness routine, Lack of yoga center...so prefer walking  atleast 10000 steps .",1,0.41
"challenge_wellness_routine","Want a personal trainer but can't afford, Unavailability of a good gym/classes nearby, Lack of motivation / time",5,2.05
"challenge_wellness_routine","Want a personal trainer but can't afford, Unavailability of a good gym/classes nearby, Lack of motivation / time, I follow a regular wellness/fitness routine",1,0.41
"frequency_wellness_routine","4 to 5 days a week",92,37.7
"frequency_wellness_routine","Daily",46,18.85
"frequency_wellness_routine","Occasionally / Rarely",45,18.44
"frequency_wellness_routine","Once/twice a week (e.g. weekends)",61,25
"duration_wellness_routine","15-30",71,29.1
"duration_wellness_routine","31-45",65,26.64
"duration_wellness_routine","46-60",49,20.08
"duration_wellness_routine","Less than 15",26,10.66
"duration_wellness_routine","More than 60",33,13.52
"purpose_wellness_routine","Body building",40,16.39
"purpose_wellness_routine","General fitness/strength/flexibility/stamina",126,51.64
"purpose_wellness_routine","Stress/anxiety reduction and/or attain mindfulness",37,15.16
"purpose_wellness_routine","Weight loss/gain",41,16.8
"location_wellness_routine","Garden",2,0.82
"location_wellness_routine","Gym / Studio",68,27.87
"location_wellness_routine","Home - with equipment",36,14.75
"location_wellness_routine","Home - without equipment",104,42.62
"location_wellness_routine","Hybrid - Gym and at Home",23,9.43
"location_wellness_routine","Other side on the road",1,0.41
"location_wellness_routine","Outdoor",1,0.41
"location_wellness_routine","Outdoors",1,0.41
"location_wellness_routine","park",1,0.41
"location_wellness_routine","Park",1,0.41
"location_wellness_routine","Parks",1,0.41
"location_wellness_routine","Sports",1,0.41
"location_wellness_routine","Sports Club",1,0.41
"location_wellness_routine","walk swimming",1,0.41
"location_wellness_routine","Walking outdoor",1,0.41
"location_wellness_routine","Walking track",1,0.41
"challenge_nutrition_routine","Can't cook at home",5,2.05
"challenge_nutrition_routine","Can't cook at home, Find it too difficult to follow a routine",3,1.23
"challenge_nutrition_routine","Can't cook at home, Find it too difficult to follow a routine, I follow a balanced diet routine",4,1.64
"challenge_nutrition_routine","Can't cook at home, I follow a balanced diet routine",1,0.41
"challenge_nutrition_routine","Can't cook at home, My schedule doesn't permit regularity in my eating habits",1,0.41
"challenge_nutrition_routine","Can't cook at home, My schedule doesn't permit regularity in my eating habits, Find it too difficult to follow a routine",2,0.82
"challenge_nutrition_routine","Can't cook at home, My schedule doesn't permit regularity in my eating habits, I follow a balanced diet routine",3,1.23
"challenge_nutrition_routine","Find it too difficult to follow a routine",11,4.51
"challenge_nutrition_routine","Find it too difficult to follow a routine, I follow a balanced diet routine",1,0.41
"challenge_nutrition_routine","I follow a balanced diet routine",14,5.74
"challenge_nutrition_routine","I follow a balanced diet routine, I don't care enough",1,0.41
"challenge_nutrition_routine","Lack of understanding what to eat when and in what proportion",9,3.69
"challenge_nutrition_routine","Lack of understanding what to eat when and in what proportion, Can't cook at home, Find it too difficult to follow a routine",3,1.23
"challenge_nutrition_routine","Lack of understanding what to eat when and in what proportion, Can't cook at home, Find it too difficult to follow a routine, I follow a balanced diet routine",4,1.64
"challenge_nutrition_routine","Lack of understanding what to eat when and in what proportion, Can't cook at home, My schedule doesn't permit regularity in my eating habits",3,1.23
"challenge_nutrition_routine","Lack of understanding what to eat when and in what proportion, Can't cook at home, My schedule doesn't permit regularity in my eating habits, Find it too difficult to follow a routine",5,2.05
"challenge_nutrition_routine","Lack of understanding what to eat when and in what proportion, Can't cook at home, My schedule doesn't permit regularity in my eating habits, Find it too difficult to follow a routine, I follow a balanced diet routine",1,0.41
"challenge_nutrition_routine","Lack of understanding what to eat when and in what proportion, Can't cook at home, My schedule doesn't permit regularity in my eating habits, I follow a balanced diet routine",1,0.41
"challenge_nutrition_routine","Lack of understanding what to eat when and in what proportion, Find it too difficult to follow a routine",4,1.64
"challenge_nutrition_routine","Lack of understanding what to eat when and in what proportion, My schedule doesn't permit regularity in my eating habits",5,2.05
"challenge_nutrition_routine","Lack of understanding what to eat when and in what proportion, My schedule doesn't permit regularity in my eating habits, Find it too difficult to follow a routine",6,2.46
"challenge_nutrition_routine","Lack of understanding what to eat when and in what proportion, My schedule doesn't permit regularity in my eating habits, Find it too difficult to follow a routine, I follow a balanced diet routine",1,0.41
"challenge_nutrition_routine","Lack of understanding what to eat when and in what proportion, My schedule doesn't permit regularity in my eating habits, I follow a balanced diet routine",3,1.23
"challenge_nutrition_routine","Lack of understanding what to eat when and in what proportion, Temptation for junk food",8,3.28
"challenge_nutrition_routine","Lack of understanding what to eat when and in what proportion, Temptation for junk food, Can't cook at home",1,0.41
"challenge_nutrition_routine","Lack of understanding what to eat when and in what proportion, Temptation for junk food, Can't cook at home, Find it too difficult to follow a routine",7,2.87
"challenge_nutrition_routine","Lack of understanding what to eat when and in what proportion, Temptation for junk food, Can't cook at home, Find it too difficult to follow a routine, I follow a balanced diet routine",1,0.41
"challenge_nutrition_routine","Lack of understanding what to eat when and in what proportion, Temptation for junk food, Can't cook at home, I follow a balanced diet routine",3,1.23
"challenge_nutrition_routine","Lack of understanding what to eat when and in what proportion, Temptation for junk food, Can't cook at home, My schedule doesn't permit regularity in my eating habits",2,0.82
"challenge_nutrition_routine","Lack of understanding what to eat when and in what proportion, Temptation for junk food, Can't cook at home, My schedule doesn't permit regularity in my eating habits, Find it too difficult to follow a routine",2,0.82
"challenge_nutrition_routine","Lack of understanding what to eat when and in what proportion, Temptation for junk food, Can't cook at home, My schedule doesn't permit regularity in my eating habits, Find it too difficult to follow a routine, I follow a balanced diet routine",1,0.41
"challenge_nutrition_routine","Lack of understanding what to eat when and in what proportion, Temptation for junk food, Find it too difficult to follow a routine",11,4.51
"challenge_nutrition_routine","Lack of understanding what to eat when and in what proportion, Temptation for junk food, My schedule doesn't permit regularity in my eating habits",8,3.28
"challenge_nutrition_routine","Lack of understanding what to eat when and in what proportion, Temptation for junk food, My schedule doesn't permit regularity in my eating habits, Find it too difficult to follow a routine",9,3.69
"challenge_nutrition_routine","Lack of understanding what to eat when and in what proportion, Temptation for junk food, My schedule doesn't permit regularity in my eating habits, Find it too difficult to follow a routine, I follow a balanced diet routine",3,1.23
"challenge_nutrition_routine","Lack of understanding what to eat when and in what proportion, Temptation for junk food, My schedule doesn't permit regularity in my eating habits, I follow a balanced diet routine",3,1.23
"challenge_nutrition_routine","My schedule doesn't permit regularity in my eating habits",16,6.56
"challenge_nutrition_routine","My schedule doesn't permit regularity in my eating habits, Find it too difficult to follow a routine",10,4.1
"challenge_nutrition_routine","My schedule doesn't permit regularity in my eating habits, I follow a balanced diet routine",2,0.82
"challenge_nutrition_routine","Temptation for junk food",13,5.33
"challenge_nutrition_routine","Temptation for junk food, Can't cook at home",2,0.82
"challenge_nutrition_routine","Temptation for junk food, Can't cook at home, Find it too difficult to follow a routine",7,2.87
"challenge_nutrition_routine","Temptation for junk food, Can't cook at home, Find it too difficult to follow a routine, I follow a balanced diet routine",1,0.41
"challenge_nutrition_routine","Temptation for junk food, Can't cook at home, I follow a balanced diet routine",1,0.41
"challenge_nutrition_routine","Temptation for junk food, Can't cook at home, My schedule doesn't permit regularity in my eating habits",1,0.41
"challenge_nutrition_routine","Temptation for junk food, Can't cook at home, My schedule doesn't permit regularity in my eating habits, Find it too difficult to follow a routine",4,1.64
"challenge_nutrition_routine","Temptation for junk food, Can't cook at home, My schedule doesn't permit regularity in my eating habits, Find it too difficult to follow a routine, I follow a balanced diet routine",1,0.41
"challenge_nutrition_routine","Temptation for junk food, Can't cook at home, My schedule doesn't permit regularity in my eating habits, I follow a balanced diet routine",3,1.23
"challenge_nutrition_routine","Temptation for junk food, Find it too difficult to follow a routine",10,4.1
"challenge_nutrition_routine","Temptation for junk food, Find it too difficult to follow a routine, I follow a balanced diet routine",2,0.82
"challenge_nutrition_routine","Temptation for junk food, I follow a balanced diet routine",1,0.41
"challenge_nutrition_routine","Temptation for junk food, My schedule doesn't permit regularity in my eating habits",5,2.05
"challenge_nutrition_routine","Temptation for junk food, My schedule doesn't permit regularity in my eating habits, Find it too difficult to follow a routine",8,3.28
"challenge_nutrition_routine","Temptation for junk food, My schedule doesn't permit regularity in my eating habits, Find it too difficult to follow a routine, I follow a balanced diet routine",5,2.05
"challenge_nutrition_routine","Temptation for junk food, My schedule doesn't permit regularity in my eating habits, I follow a balanced diet routine",2,0.82
"remote_training_likelihood","I am interested to try out",73,29.92
"remote_training_likelihood","I am not interested to try",37,15.16
"remote_training_likelihood","I have already tried",55,22.54
"remote_training_likelihood","I may try only if I find something very interesting",79,32.38
"online_service_challenges","2.0",1,0.41
"online_service_challenges","Absence of ambience of a gym/studio and fellow members in online mode",21,8.61
"online_service_challenges","Absence of ambience of a gym/studio and fellow members in online mode, Group n frnds  can help you for motivation",1,0.41
"online_service_challenges","Absence of ambience of a gym/studio and fellow members in online mode, I don't have access to right kind of space to practice regularly",8,3.28
"online_service_challenges","Absence of ambience of a gym/studio and fellow members in online mode, I don't have access to right kind of space to practice regularly, Instant feedback is very important to me which I think online delivery wellness/fitness services lack",10,4.1
"online_service_challenges","Absence of ambience of a gym/studio and fellow members in online mode, I don't want to invest in buying any accessories at home",10,4.1
"online_service_challenges","Absence of ambience of a gym/studio and fellow members in online mode, I don't want to invest in buying any accessories at home, I don't have access to right kind of space to practice regularly",6,2.46
"online_service_challenges","Absence of ambience of a gym/studio and fellow members in online mode, I don't want to invest in buying any accessories at home, I don't have access to right kind of space to practice regularly, Instant feedback is very important to me which I think online delivery wellness/fitness services lack",5,2.05
"online_service_challenges","Absence of ambience of a gym/studio and fellow members in online mode, I don't want to invest in buying any accessories at home, Instant feedback is very important to me which I think online delivery wellness/fitness services lack",8,3.28
"online_service_challenges","Absence of ambience of a gym/studio and fellow members in online mode, Instant feedback is very important to me which I think online delivery wellness/fitness services lack",2,0.82
"online_service_challenges","Currently outdoor preferred",1,0.41
"online_service_challenges","For me walking is better",1,0.41
"online_service_challenges","I don't have access to right kind of space to practice regularly",6,2.46
"online_service_challenges","I don't have access to right kind of space to practice regularly, Instant feedback is very important to me which I think online delivery wellness/fitness services lack",3,1.23
"online_service_challenges","I don't want to invest in buying any accessories at home",19,7.79
"online_service_challenges","I don't want to invest in buying any accessories at home, I don't have access to right kind of space to practice regularly",3,1.23
"online_service_challenges","I don't want to invest in buying any accessories at home, I don't have access to right kind of space to practice regularly, Instant feedback is very important to me which I think online delivery wellness/fitness services lack",5,2.05
"online_service_challenges","I don't want to invest in buying any accessories at home, Instant feedback is very important to me which I think online delivery wellness/fitness services lack",6,2.46
"online_service_challenges","I don’t think online training is effective",34,13.93
"online_service_challenges","I don’t think online training is effective, Absence of ambience of a gym/studio and fellow members in online mode",9,3.69
"online_service_challenges","I don’t think online training is effective, Absence of ambience of a gym/studio and fellow members in online mode, I don't have access to right kind of space to practice regularly",2,0.82
"online_service_challenges","I don’t think online training is effective, Absence of ambience of a gym/studio and fellow members in online mode, I don't have access to right kind of space to practice regularly, Instant feedback is very important to me which I think online delivery wellness/fitness services lack",7,2.87
"online_service_challenges","I don’t think online training is effective, Absence of ambience of a gym/studio and fellow members in online mode, I don't want to invest in buying any accessories at home",4,1.64
"online_service_challenges","I don’t think online training is effective, Absence of ambience of a gym/studio and fellow members in online mode, I don't want to invest in buying any accessories at home, I don't have access to right kind of space to practice regularly",7,2.87
"online_service_challenges","I don’t think online training is effective, Absence of ambience of a gym/studio and fellow members in online mode, I don't want to invest in buying any accessories at home, I don't have access to right kind of space to practice regularly, Instant feedback is very important to me which I think online delivery wellness/fitness services lack",7,2.87
"online_service_challenges","I don’t think online training is effective, Absence of ambience of a gym/studio and fellow members in online mode, I don't want to invest in buying any accessories at home, Instant feedback is very important to me which I think online delivery wellness/fitness services lack",5,2.05
"online_service_challenges","I don’t think online training is effective, Absence of ambience of a gym/studio and fellow members in online mode, Instant feedback is very important to me which I think online delivery wellness/fitness services lack",4,1.64
"online_service_challenges","I don’t think online training is effective, I don't have access to right kind of space to practice regularly",3,1.23
"online_service_challenges","I don’t think online training is effective, I don't have access to right kind of space to practice regularly, Instant feedback is very important to me which I think online delivery wellness/fitness services lack",5,2.05
"online_service_challenges","I don’t think online training is effective, I don't want to invest in buying any accessories at home",4,1.64
"online_service_challenges","I don’t think online training is effective, I don't want to invest in buying any accessories at home, I don't have access to right kind of space to practice regularly",3,1.23
"online_service_challenges","I don’t think online training is effective, I don't want to invest in buying any accessories at home, I don't have access to right kind of space to practice regularly, Instant feedback is very important to me which I think online delivery wellness/fitness services lack",7,2.87
"online_service_challenges","I don’t think online training is effective, I don't want to invest in buying any accessories at home, Instant feedback is very important to me which I think online delivery wellness/fitness services lack",7,2.87
"online_service_challenges","I don’t think online training is effective, Instant feedback is very important to me which I think online delivery wellness/fitness services lack",4,1.64
"online_service_challenges","I have already tried online wellness and fitness service, and I faced no challenge. I was able to push myself and be was regularly attending it, than attending offline classes.",1,0.41
"online_service_challenges","I think it's effective. There are very good free courses on YouTube. I do yoga following a teacher on YouTube. I don't see why I should pay for an online course when it's freely available and is of good quality. I'm willing to consider paying for an offline experience though. Just that there is not enough motivation or time for considering that actively.",1,0.41
"online_service_challenges","Instant feedback is very important to me which I think online delivery wellness/fitness services lack",8,3.28
"online_service_challenges","Online Fitness Apps are very good if well structured. Like I use Home Workout App and it's good.",1,0.41
"online_service_challenges",NA,5,2.05
"willingness_to_pay","More than Rs. 5000",6,2.46
"willingness_to_pay","Not more than Rs. 500",100,40.98
"willingness_to_pay","Rs. 1000-2500",47,19.26
"willingness_to_pay","Rs. 2500-5000",17,6.97
"willingness_to_pay","Rs. 500 - 1000",74,30.33
"ideal_subscription_cycle","Annual subscription with price discount benefits",87,35.66
"ideal_subscription_cycle","Half yearly",1,0.41
"ideal_subscription_cycle","Monthly subscription at a price slightly higher than annual subscription",75,30.74
"ideal_subscription_cycle","No",1,0.41
"ideal_subscription_cycle","Not interested - so far outdoor is working fine",1,0.41
"ideal_subscription_cycle","Session based subscription - i.e. top up with a number of sessions with flexibility to use those over a period of time at a higher price",44,18.03
"ideal_subscription_cycle","Weekly subscription at a price slightly higher than monthly subscription",28,11.48
"ideal_subscription_cycle","Without clear advantage, don't see a point in paying.",1,0.41
"ideal_subscription_cycle",NA,6,2.46
"price_of_service","Not important at all",12,4.92
"price_of_service","Not so important",39,15.98
"price_of_service","Neutral",40,16.39
"price_of_service","Important",99,40.57
"price_of_service","Very Important",54,22.13
"expertise_credibility","Not important at all",11,4.51
"expertise_credibility","Not so important",23,9.43
"expertise_credibility","Neutral",22,9.02
"expertise_credibility","Important",84,34.43
"expertise_credibility","Very Important",104,42.62
"language_instructions","Not important at all",19,7.79
"language_instructions","Not so important",40,16.39
"language_instructions","Neutral",42,17.21
"language_instructions","Important",92,37.7
"language_instructions","Very Important",51,20.9
"flexibility_time_slots","Not important at all",14,5.74
"flexibility_time_slots","Not so important",21,8.61
"flexibility_time_slots","Neutral",30,12.3
"flexibility_time_slots","Important",91,37.3
"flexibility_time_slots","Very Important",88,36.07
"availability_hybrid_options","Not important at all",15,6.15
"availability_hybrid_options","Not so important",23,9.43
"availability_hybrid_options","Neutral",45,18.44
"availability_hybrid_options","Important",91,37.3
"availability_hybrid_options","Very Important",70,28.69
